729907894217543680	2016-05-10 05:36:17	davidpiprof	Morning woke up was tough. I would most likely continue sleeping. I need to go to the bed earlier today to sleep little bit longer. #n #xfb
729918287706984448	2016-05-10 06:17:35	davidpiprof	Walk to train station wasn't so bad and hurry today. It's raining today a bit, but nicely. What matters I forgot the breakfast. #p #xfb
729930036367794176	2016-05-10 07:04:16	davidpiprof	What a good status. We were laughing a colleague about lobby for the new feature. I look forward to have Madeleine for breakfast. #p #xfb
729940678764056580	2016-05-10 07:46:34	davidpiprof	Redrawing the design description diagram. It's complex, but I like it, while it helps me to explain the problem to others. #p #xfb
729952017125392385	2016-05-10 08:31:37	davidpiprof	Working and my wife disturbs me with her research about bicycles. I don't want to choose right away I need to read about it first. #n #xfb
729963576664920064	2016-05-10 09:17:33	davidpiprof	Finishing drawing and looking forward for lunch. I need to rewrite text in document to be aligned with picture and it's finished. #p #xfb
729974837104521217	2016-05-10 10:02:18	davidpiprof	And now after really good lunch I want to sleep or at least rest for a while and have something sweet like blueberry muffin. #p #xfb
729984834265812992	2016-05-10 10:42:01	davidpiprof	Returning to work through discussion with colleague of his problem and meanwhile responding to questions about living in Swiss. #p #xfb
729997630550491137	2016-05-10 11:32:52	davidpiprof	Passionate discussion about really interesting work topic inside team. Conclusion is known, but discussion is going on and on. #p #xfb
730010896962048000	2016-05-10 12:25:35	davidpiprof	Almost forgotten to write my tweet during discussion with colleague of mine. But besides that I solved with him one more problem. #p #xfb
730020612731764736	2016-05-10 13:04:11	davidpiprof	Starting to get tired today already. It's too much things which I need to focus on, discuss, handle, take care of. Better be 5 pm. #n #xfb
730031808365117440	2016-05-10 13:48:41	davidpiprof	Little break and few minutes of walk help to refresh my mind, I am back on the track again and ready for meeting in next 15 minutes #p #xfb
730045941143748608	2016-05-10 14:44:50	davidpiprof	When the team leader tells you at the beginning of your presentation: it's bullshit. There are no arguments. Except it was good joke #p #xfb
730054263397859328	2016-05-10 15:17:54	davidpiprof	Meeting ends with funny topics. It's time to close it and go home. Finally. But there is still lot of to do on the table. #p #xfb
730066226093957120	2016-05-10 16:05:26	davidpiprof	Leaving home. What a relief. I need to enjoy the sunny weather and the family. There is expecting me the good meet for grill. #p #xfb
730077825802326017	2016-05-10 16:51:32	davidpiprof	Back at home. Going to prepare grill and relax. It's nice to do nothing and just sit and have clear mind and no chaos around. #p #xfb
730088447206117376	2016-05-10 17:33:44	davidpiprof	Enjoying dinner with my wife on balcony with kids on the grass outside. I have delicious black Angus steak and chicken pieces. #p #xfb
730102187985080321	2016-05-10 18:28:20	davidpiprof	I smell by smoke from grill so I need to go to the shower before I will go to bed watch some series or work. #n #xfb
730110629302939648	2016-05-10 19:01:53	davidpiprof	Choose a bike is not easy I am little bit in depression what parameters to care about and what brand to choose I need to take a time #n #xfb
730121939633704961	2016-05-10 19:46:50	davidpiprof	Finished by bike selection I am going to find some episode to watch and relax. Bikes available in CZ are not available in Swiss, wtf #n #xfb
730133245946413056	2016-05-10 20:31:45	davidpiprof	Watching TV show and relaxing with popsicle in bed. Wife is still continuing with bicycle research. I am enjoying the show. #p #xfb
730142791720943617	2016-05-10 21:09:41	davidpiprof	The Simpsons at the end of the day are the best. We are enjoying it both And I will go maybe work after instead of sleep right away #p #xfb
730155979212509184	2016-05-10 22:02:05	davidpiprof	Kicking trough usage of @fitbit API library from @github, so far it's going well. Right now I need to test OAuth to my application. #p #xfb
730270562807844864	2016-05-11 05:37:24	davidpiprof	My heart beat is like I would run the race. But what helped to have nice woke up was daughter who came to visit us in our bed. #p #xfb
730280474417958912	2016-05-11 06:16:47	davidpiprof	Waiting for the train and trying to call back on my colleague missed phone call. It could be about pizza order I hope not work. #p #xfb
730292321812623360	2016-05-11 07:03:52	davidpiprof	Guys already ordered pizza for me what a pleasant surprise. Fuck I am late for my meeting from nine o'clock. I need to run. #n #xfb
730304396198854656	2016-05-11 07:51:51	davidpiprof	Passionate discussion with important people. There are topics which cannot be discussed just once I think. Never ending story. #n #xfb
730314485597151232	2016-05-11 08:31:56	davidpiprof	Sitting on the meeting with explosive topic and waiting when the fight start. So far we went through surprisingly smoothly. #n #xfb
730325868447469568	2016-05-11 09:17:10	davidpiprof	Going to be hottest with explosive topic. But meeting is almost over. I am really interested if there would be decision or not. #p #xfb
730338867363098625	2016-05-11 10:08:49	davidpiprof	I will starve to death if the time would not run faster and lunch would not be here as soon as possible, yesterday was too late. #n #xfb
730349903713603584	2016-05-11 10:52:40	davidpiprof	Pizza with ham and pepper and strawberries as desert is my dream lunch. It's getting to be better and better. #p #xfb
730359507667300353	2016-05-11 11:30:50	davidpiprof	Siting on the terrace with ice cream and relaxing for a while before I return to the lion pit downstairs. I need to finish some work #p #xfb
730376014170296320	2016-05-11 12:36:26	davidpiprof	Doing company expense report from last month. I don't like it but it has to be finished today since it's almost half of actual month #n #xfb
730385557688336384	2016-05-11 13:14:21	davidpiprof	Currently is much piece full time I can finally work on my tasks without so much disruption I hope I have at least one hour to do so #p #xfb
730393671393218564	2016-05-11 13:46:35	davidpiprof	Finishing iExpense and discussing several things around. I am little bit nervous about how much we need to finish till end of Sprint #n #xfb
730413159304077312	2016-05-11 15:04:02	davidpiprof	I need to say it's really difficult to keep on track with work in such difficult customer environment like here and do experiment. #n #xfb
730416520833044480	2016-05-11 15:17:23	davidpiprof	I thought that updating existing process would be easy but it cannot be more far from true. I am close to finish and go home. #p #xfb
730427261288075264	2016-05-11 16:00:04	davidpiprof	Few more things has to be finished. I need to adjust design picture about one small part and then publish it for everyone. #p #xfb
730437323939287040	2016-05-11 16:40:03	davidpiprof	Finally waiting for the train home. I even printed some birthday party invitations with Frozen theme. Let's see what girls will say. #p #xfb
730450320489385984	2016-05-11 17:31:42	davidpiprof	Having for dinner tasty goulash soup and relaxing through reading advertising flyers from many grocery stores. #p #xfb
730461619789115392	2016-05-11 18:16:36	davidpiprof	My wife is referring me about news and I am looking for some episodes for watching during today evening. #p #xfb
730480127163961346	2016-05-11 19:30:08	davidpiprof	What to watch next. Maybe How to get away with murder? From typical series there is nothing new broadcasted yet. We need to wait. #n #xfb
730484647528955904	2016-05-11 19:48:06	davidpiprof	Wau subtitles for episode of blacklist are ready. Let's watch it and enjoy it. What a nice relaxing moment in the middle of the week #p #xfb
730497469835034624	2016-05-11 20:39:03	davidpiprof	My wife has blocked neck and thus terrible headache and it seems that pain killers doesn't work for her. I hope it starts soon. #n #xfb
730506689900883969	2016-05-11 21:15:41	davidpiprof	Painkillers helped a bit she can go sleep. I hope it will be better. Meanwhile I am continuing with get data from @fitbit #p #xfb
730518267899592705	2016-05-11 22:01:42	davidpiprof	And it's last tweet today. My wife sleeps and I can continue to work. It's good except I am not successful yet, but it comes soon. #p #xfb
730632285905620992	2016-05-12 05:34:46	davidpiprof	Tough woke up. I would sleep one or two hours more, but it's not possible But extended weekend with free Monday is closer and closer #p #xfb
730642374297325568	2016-05-12 06:14:51	davidpiprof	It's rainy day hallelujah it's rainy day hallelujah, sarcasm! Sort of raining. And train is about few minutes late. Nice combination #n #xfb
730655431362785280	2016-05-12 07:06:44	davidpiprof	It looks like today will be another hectic day as usual. Many things which I need to care about I hope I have time for my work. #p #xfb
730665867319644160	2016-05-12 07:48:12	davidpiprof	Finally working on my own tasks not solving someone's else problems. And listening really good Czech songs. Pleasure. #p #xfb
730678807687008256	2016-05-12 08:39:37	davidpiprof	Slowly fixing the issues and thinking about many things have to be done. And people around are asking me questions about their work. #p #xfb
730687829047693314	2016-05-12 09:15:28	davidpiprof	Many funny situations about which from all 8 environments is used for what and by whom. But release manager seems to be in picture. #p #xfb
730707850780114945	2016-05-12 10:35:02	davidpiprof	Busy with lunch and after explanation of situation about the team and project to still new member of the team. At least he knows #p #xfb
730710639279259648	2016-05-12 10:46:07	davidpiprof	Things are not going anywhere. The solution is not difficult, but implementation is lions pit or walk through the hell. #n #xfb
730728090649931776	2016-05-12 11:55:27	davidpiprof	Many new information and messages made my day. Best is that someone else point them out so I am not the one who points the finger. #p #xfb
730733245395021825	2016-05-12 12:15:56	davidpiprof	Progress is going forward. I have solved one problem but turned into another one so still is what to do to achieve final test. #n #xfb
730744897091850240	2016-05-12 13:02:14	davidpiprof	Cannot fix the problem. Google doesn't help and I cannot get any idea how to solve it better on target side. I need to change source #n #xfb
730757435376447493	2016-05-12 13:52:04	davidpiprof	Skipping the overall project status meeting and continue with work. Going to test several other options. I am not sure if this helps #n #xfb
730767655746060288	2016-05-12 14:32:40	davidpiprof	Slowly finishing the work and looking forward to leave to company office drop there expenses. Family pick me up at the there. #p #xfb
730779566973784064	2016-05-12 15:20:00	davidpiprof	Ran to the tram which is leaving in 2 minutes. Currently my heart is running the race and I cannot catch the breath. #n #xfb
730794255678115840	2016-05-12 16:18:22	davidpiprof	Back at home. My wife look better today even though she has still blocked neck it's not that bad as yesterday I guess it's good sign #p #xfb
730804676287959040	2016-05-12 16:59:47	davidpiprof	Helping colleague with overnight load of 1300 tables with few TB of data. It's like before plain departure, we need to do checks #p #xfb
730811284955013120	2016-05-12 17:26:02	davidpiprof	Little stress situation some tables which should be loaded are missing. Trying to call colleague but he doesn't respond. #n #xfb
730829602621423616	2016-05-12 18:38:50	davidpiprof	Eating pizza and watching various TV shows at @streamCZ. And finally relaxing with my wife in the bed after really long day. #p #xfb
730835421333192704	2016-05-12 19:01:57	davidpiprof	Watching another episode how to get away with murder. Eating strawberries, peaches, apricots and resting. #p #xfb
730845397510459392	2016-05-12 19:41:35	davidpiprof	Kids are in their beds and we are continuing to watch TV show. They want us to sleep with them which is sweet. #p #xfb
730855156426911745	2016-05-12 20:20:22	davidpiprof	Watching the third TV show and have taste for something, something good. So Iva went for something and brought kitkat and watermelon #p #xfb
730873173869264896	2016-05-12 21:31:58	davidpiprof	Just checked load and because of missing tables in source it crashed. Colleague created ticked about it and we can go sleep. #p #xfb
730880818512564228	2016-05-12 22:02:20	davidpiprof	Playing logical game with name rop and slowly preparing for sleeping. Tomorrow is last though day of the week and then 3 days off #p #xfb
730997193969160192	2016-05-13 05:44:46	davidpiprof	Beautiful morning when my daughter came to our bed to woke us up gently. And it's just today and then three days off. #p #xfb
731004836586655744	2016-05-13 06:15:09	davidpiprof	This morning train which always go few minutes before mine and goes through the station without any speed decrease is terrible. #n #xfb
731016761747865600	2016-05-13 07:02:32	davidpiprof	Standing on standup meeting and listening to status of work from my colleagues. Meanwhile I am preparing for what I will do today. #p #xfb
731033122742120448	2016-05-13 08:07:33	davidpiprof	It's becoming funnier and funnier here. Another team have poor performance on their scripts, but complain about database feature. #n #xfb
731038983107555329	2016-05-13 08:30:50	davidpiprof	Project organization becoming more and more chaos since we are closer to go live. We need to keep it organized at inside team. #n #xfb
731050587803033600	2016-05-13 09:16:57	davidpiprof	I have been successful with problem solution, so I just need to test it on several small and big cases before I can release it. #p #xfb
731062354667016193	2016-05-13 10:03:42	davidpiprof	I have really good lunch crispy duck with gnocchi and wine source. And as a desert watermelon and strawberries. #p #xfb
731076793130700800	2016-05-13 11:01:04	davidpiprof	Discussion after lunch about political incorrect topics related to project without any members from other teams we call blackops. #p #xfb
731083695847817216	2016-05-13 11:28:30	davidpiprof	System is slow because is really occupied by many tests and runs. So, I need to do several things in parallel to stay busy. #p #xfb
731107346055860224	2016-05-13 13:02:29	davidpiprof	Solved critical point with missing space in database that was the reason of failed load. So, we can continue with load. #p #xfb
731114341068591104	2016-05-13 13:30:17	davidpiprof	Tried to continue of massive delta load test with colleague, it's not possible because latest deployment package is not deployed yet #n #xfb
731118819721261056	2016-05-13 13:48:04	davidpiprof	After last hour of hurry is situation in open space calming down and we are on the track again. This chaos is really exhausting me. #n #xfb
731130427713425409	2016-05-13 14:34:12	davidpiprof	I had really interesting discussion about nice core database automatic deployment and currently I can return to my original work. #p #xfb
731142434588110848	2016-05-13 15:21:55	davidpiprof	Listen 7 Years song from @LukasGraham on YouTube and slowly closing work to be able go home. I would need to just check the load. #p #xfb
731153094994726913	2016-05-13 16:04:16	davidpiprof	Finally waiting for the train and looking forward to have some good dinner and watch some good movie together with my wife. #p #xfb
731163829174976512	2016-05-13 16:46:55	davidpiprof	I am at home, sitting on the couch and relax with rop game. I am challenged by little bit difficult round, but whatever. #p #xfb
731186071304851456	2016-05-13 18:15:18	davidpiprof	I had several toasts for dinner with really good dressing and then I did research about sources for sentiment unsupervised learning. #p #xfb
731186497630638080	2016-05-13 18:17:00	davidpiprof	Currently I am searching for some move for Friday night. Meanwhile my wife went to laundry room to pickup the laundry. #p #xfb
731198766020218884	2016-05-13 19:05:45	davidpiprof	Keep the tweeting time schedule is really hard. So, sometimes the second alarm makes me realize that I forgot to write previous one. #n #xfb
731209153956450304	2016-05-13 19:47:02	davidpiprof	Watching nice movie Brooklyn with my wife. And relaxing in the bed. After movie I need to check load if still running ok. #p #xfb
731220944581214208	2016-05-13 20:33:53	davidpiprof	After we returned from laundry room and we watching excellent movie Brooklyn. Despite almost no story it's wonderfully shot. #p #xfb
731231782146838532	2016-05-13 21:16:57	davidpiprof	Raspberries with white yogurt and hint of  sugar is really tasty late dinner especially in combination of such movie as Brooklyn #p #xfb
731245137943248896	2016-05-13 22:10:01	davidpiprof	Watching The Big Bang Theory for the good night, after good movie little bit fun. Then I will continue work on @fitbit data. #p #xfb
731380388338237440	2016-05-14 07:07:27	davidpiprof	Morning is better than night. Daughter doesn't feel well so we need to take care about her and we went sleep at four in the morning #n #xfb
731391564354846720	2016-05-14 07:51:52	davidpiprof	I need to sleep at least one hour more, because of the occasion in the night. So far kids sleep as well so it's perfect. #p #xfb
731402402696429569	2016-05-14 08:34:56	davidpiprof	Filip woke up already and brought the big box of Lego with him to living room and since then he plays, he said he is not hungry #p #xfb
731412460016705538	2016-05-14 09:14:54	davidpiprof	Chocolate Brioche and then yogurt with banana and raspberries is tasty breakfast for today. After we need to go grocery shopping #p #xfb
731424602858110976	2016-05-14 10:03:09	davidpiprof	Noon shower is really good idea it woke me up completely and recharged me by new energy. I am feeling like newborn. #p #xfb
731435912912048133	2016-05-14 10:48:05	davidpiprof	Meanwhile the @fitbit was charging we were watching with kids dancing #stormtrooper group on @YouTube who are really amazing. #p #xfb
731448530519363585	2016-05-14 11:38:13	davidpiprof	Find a place to park a car in the shopping center when is raining is not task for human. Especially in here in Switzerland. #n #xfb
731458665979518976	2016-05-14 12:18:30	davidpiprof	Waiting in the line for taking foto with bear. After we passed the eye test in optic shop. What a wonderful day with family. #p #xfb
731470634128162816	2016-05-14 13:06:03	davidpiprof	Testing perfumes in Douglas we need to renew our collections at home People in the office can expect perfumed man on Tuesday morning #p #xfb
731483891865882625	2016-05-14 13:58:44	davidpiprof	Paying the grocery and finally going home from the overcrowded shopping mall. I am starting to have headache from the noise. #n #xfb
731492262690103296	2016-05-14 14:32:00	davidpiprof	I just finished the storage of grocery into kitchen and I need to eat something and then we can prepare late lunch or early dinner. #p #xfb
731504532505657344	2016-05-14 15:20:45	davidpiprof	Pork meat si prepared and sliced and part of the potatoes as well, we need more so I am going to pick some in basement. #p #xfb
731513984222941185	2016-05-14 15:58:19	davidpiprof	Dinner cooks and we are relaxing by watching Charlie Chocolate Factory movie. Really magnificent one which kids loves. #p #xfb
731526302293999617	2016-05-14 16:47:16	davidpiprof	Dinner is almost ready and soon the movie ends as well, so we could go eat. And I am little bit tired because I haven't slept much. #p #xfb
731540820361392128	2016-05-14 17:44:57	davidpiprof	Dinner was excellent. We are going to pick up laundry and then relax with movie Bridge of Spies into bed. Kids watch Inside Out. #p #xfb
731548954484166657	2016-05-14 18:17:16	davidpiprof	After first twenty minutes the story starts to be more interesting. Kids are noisy a bit and my wife is sleeping. #p #xfb
731560127837417472	2016-05-14 19:01:40	davidpiprof	Chatting with father in law about possible Skype call between grandmother and kids and planning it for tomorrow or Monday. #p #xfb
731571468874743808	2016-05-14 19:46:44	davidpiprof	Eating leftovers from dinner and taking the kids to beds. I will sing them song for good night and let them sleep. #p #xfb
731582740013957120	2016-05-14 20:31:32	davidpiprof	Movie went into most interesting phase. Maya came to our bet to calm before she will go sleep. And we are relaxing. #p #xfb
731593621548466180	2016-05-14 21:14:46	davidpiprof	We took Maya back to her bed and found something good for eating, delicious chocolate bar. And we come back to watch the movie. #p #xfb
731613697282576386	2016-05-14 22:34:32	davidpiprof	I wrote email to bank about ownership of our property and currently return to work on getting data from @fitbit API. #p #xfb
731746721097756672	2016-05-15 07:23:08	davidpiprof	Maya came to woke me up with words: daddy woke up it's morning already. But I don't want to come out from warm bed. It's too early. #n #xfb
731756541225914368	2016-05-15 08:02:09	davidpiprof	I have prepared breakfast for Maya she wanted cereals with milk. I am slowly weaking up. Seems to be that today is not raining. #p #xfb
731763949864128512	2016-05-15 08:31:35	davidpiprof	My wife made for me really good breakfast for me. And right now she is making a fun from me about tweeting so much. #p #xfb
731776852201766912	2016-05-15 09:22:51	davidpiprof	Cleaning up the apartment and sorting out the things. My wife is running around clean and order and yelling on all of us. #n #xfb
731794236270628865	2016-05-15 10:31:56	davidpiprof	I am vacuum cleaning the bedroom and sort out the papers. I don't like it, but it was necessary due to lot of dust around. #n #xfb
731798993924022272	2016-05-15 10:50:50	davidpiprof	We are preparing lunch. We need to go with Maya to balcony cut rosemarine, she likes to help Iva searches for kitchen tools for kids #p #xfb
731809387292033024	2016-05-15 11:32:08	davidpiprof	Chicken legs on garlic and rosemarine are in owen and I can mount the magnet on doors for garbage bin. And then I can rest. #p #xfb
731821863228329984	2016-05-15 12:21:43	davidpiprof	Magnet on the doors to garbage done. And chicken pieces are baking. Iva is going to prepare rice and I can finally relax. #p #xfb
731836518340382720	2016-05-15 13:19:57	davidpiprof	Filip sitting on my lap and feed me his chocolate chips cookie. What a pleasure afternoon. We will go walk to forrest. #p #xfb
731848706119585792	2016-05-15 14:08:23	davidpiprof	We are looking at the old photos because Maya wanted to see her self small and remember to the old times. She is amazed. #p #xfb
731854862363824136	2016-05-15 14:32:51	davidpiprof	Ready to go out to forrest. Kids are playing with tennis ball which I have found in my bedside table hidden from them. #p #xfb
731866555278053376	2016-05-15 15:19:18	davidpiprof	Finally out. Kids are singing two different songs and I am singing third one it's perfect disharmony, but we have lot of fun. #p #xfb
731875967820550144	2016-05-15 15:56:42	davidpiprof	We found in the forest two in love snails. Kids are amazed. And we all are enjoying the fresh air and silence around us. #p #xfb
731900690101080065	2016-05-15 17:34:57	davidpiprof	Just right now talking over Skype with my parents. Kids stayed just for fits few minutes and then disappeared to play along. #p #xfb
731911169179521025	2016-05-15 18:16:35	davidpiprof	Family is currently calling with mother and father in law and I am cleaning computer from personal stuff because I will get new soon #p #xfb
731931244209000448	2016-05-15 19:36:21	davidpiprof	Having a dinner a tousts and kids are watching story tale Planes 2. Then we go to bed watch some series or movie as well. #p #xfb
731934238921113600	2016-05-15 19:48:15	davidpiprof	We have 2 Broke Girls and Arrow for watching so relax can start. With also two toasts with apricot marmalade. Good evening. #p #xfb
731947986138320901	2016-05-15 20:42:53	davidpiprof	Watching Iva how she is playing game INKS and download several episodes of previous mentioned series. Kids are movie ends soon. #p #xfb
731956480119803910	2016-05-15 21:16:38	davidpiprof	Relaxing and thinking about what to do after the shows ends. If to follow up with @fitbit API or to work about the 100 jobs load. #p #xfb
731968529403121665	2016-05-15 22:04:31	davidpiprof	Still relaxing with the movie. It's really exciting, but it is end of the episode unfortunately it's not the end of the story #p #xfb
732109536836898816	2016-05-16 07:24:50	davidpiprof	@fitbit was trying to wake me up for fourty minutes even though I woke up already and tried to convince it I am awake. #n #xfb
732115328755499008	2016-05-16 07:47:51	davidpiprof	I will sleep at least till next alarm clock. Today is bank holiday so, no rush no hurry. We will play with @Mindstorms_EV3. #p #xfb
732126627216429056	2016-05-16 08:32:44	davidpiprof	Finally I am leaving the bed. It was terrible morning but I hope it will be nice day. Despite the weather outside is rainy. #p #xfb
732140770363359232	2016-05-16 09:28:56	davidpiprof	@fitbit thank you, finally I know how to kill the alarm. It will not disturb me any more in the morning. #p #xfb
732151965464076288	2016-05-16 10:13:25	davidpiprof	It's holiday and everything is closed so we went to Coop Pronto on the gas station to buy toast bread and then walk through village #p #xfb
732160275995107329	2016-05-16 10:46:27	davidpiprof	And we are back at home. I am looking for ebook for Maya who want to learn read and then I will grill spareribs for lunch. #p #xfb
732172744272556032	2016-05-16 11:36:00	davidpiprof	Maya starts slowly to learn reading. She found out that's not easy and she won't learn read during one day. So, we can expect fight #p #xfb
732183461126144001	2016-05-16 12:18:35	davidpiprof	Meat is prepared so I can fill in grill with coal and light it up and then the real fun starts. I am interested about the spareribs. #p #xfb
732195208935440386	2016-05-16 13:05:15	davidpiprof	Sun is shining and I am on the balcony with beacon spareribs and chicken on the grill. Family cannot wait for it how hungry they are #p #xfb
732209838705496064	2016-05-16 14:03:24	davidpiprof	Spareribs were not finished so I put it into owen and finish it when we are back from hiking through forest where we are going now. #p #xfb
732222093773930497	2016-05-16 14:52:05	davidpiprof	We are in the forest and beautifully raining. We are going forward and enjoying the beauty of the nature, except the kids. #p #xfb
732228393022988289	2016-05-16 15:17:07	davidpiprof	We are out of the forest in the grill place where are still firing embers in the fireplace. It's pleasant warm for our hands. #p #xfb
732244276831211520	2016-05-16 16:20:14	davidpiprof	Kids don't want to take down the clothes and go to shower it's typical for every day agenda, but finally they are in the shower. #n #xfb
732257732909248512	2016-05-16 17:13:42	davidpiprof	I have finished the spareribs baked in the owen, we have watched x factor gold buzzers and emotional moments. #p #xfb
732267311558742016	2016-05-16 17:51:46	davidpiprof	Watching another episode Game of Thrones together with my wife, eating strawberries with hint of sugar. What a excellent evening. #p #xfb
732273636145532928	2016-05-16 18:16:54	davidpiprof	So far a current episode is not such dark as some previous ones, but I am expecting more blood and violence soon as usual. #n #xfb
732285273254600704	2016-05-16 19:03:09	davidpiprof	My wife has come with idea to follow the latest #luxusnataliri on @streamCZ, because she got a taste for the desert, so we made it #p #xfb
732298385433202688	2016-05-16 19:55:15	davidpiprof	After spareribs for dinner, then strawberries with hint of sugar and finally for late dinner Czech dessert from apples and brioche #p #xfb
732308049034158081	2016-05-16 20:33:39	davidpiprof	After another good episode of Game of Thrones we are watching How to get away with murder great TV show which is heading to the end. #p #xfb
732320534697000960	2016-05-16 21:23:15	davidpiprof	We won at #Ricardo table which satisfies my wife and I hope it's heavier than current one which is moving whenever somebody touch it #p #xfb
732330245404135424	2016-05-16 22:01:51	davidpiprof	And this is the last tweet for today. And not because my wife start to following me on Twitter, but because it's midnight. #p #xfb
732450105039699968	2016-05-17 05:58:07	davidpiprof	Today was really bad woke up after not complete five hours of sleep I woke up in hurry situation where we need to go to municipality #n #xfb
732455284782813184	2016-05-17 06:18:42	davidpiprof	The fact that I have to gave away my driving license to exchange it for the Swiss one is driving me crazy. Now I have just paper #n #xfb
732470218845380609	2016-05-17 07:18:03	davidpiprof	After daily status I am listening the webex meeting about Running Hadoop proof of concept. I am really interested what is this about #p #xfb
732477537213763584	2016-05-17 07:47:08	davidpiprof	Continue listening webex meeting and meanwhile solving the problems connect to my daily agenda and long term tasks. #p #xfb
732492411042025472	2016-05-17 08:46:14	davidpiprof	Discussion of testing went to good direction. We matched most of the errors with logged details just few of them are missing. #p #xfb
732504542697250816	2016-05-17 09:34:26	davidpiprof	Discussion of source metadata capturing with colleague is really thrill. But it ended with mutual consumption, so good day today. #p #xfb
732513402824839168	2016-05-17 10:09:39	davidpiprof	Having a grilled chicken for lunch with my team leader and chief architect. And also blueberry muffin as desert afterwards. #p #xfb
732522803501666306	2016-05-17 10:47:00	davidpiprof	Returned back from lunch and terrace coffee with colleagues. We had a really good discussion about how to good developers no need QA #p #xfb
732534120660783104	2016-05-17 11:31:58	davidpiprof	Preparing of the tests objects for load test and listening various Czech artists. It's really calm down day no chaos no hurry. #p #xfb
732545125402972160	2016-05-17 12:15:42	davidpiprof	I found error during generation of objects for testing. One of the objects wasn't generated at all. So, issuing ticket for fixing. #n #xfb
732558878299262976	2016-05-17 13:10:21	davidpiprof	Had small talk about colleague who worked over weekend and came by Tesla S to work. Maybe some day I will buy one as well. #p #xfb
732568633638068225	2016-05-17 13:49:07	davidpiprof	Found rejected expenses for no reason, told to project manager and he asked me to resubmit it, weird. Anyway system is rejecting me. #n #xfb
732580046158848000	2016-05-17 14:34:28	davidpiprof	Switch to test another functionality which I have developed and currently not finished part I switched off to be finished next time #n #xfb
732591378065182721	2016-05-17 15:19:30	davidpiprof	In hurry to finish test as soon as I can and family can pick me up from the work. I still have 40 minutes to do that. #n #xfb
732601225271730178	2016-05-17 15:58:37	davidpiprof	Test load screwed up, so I am investing it on detail level. Data seems to be messed up in the source, so most likely not on my side. #n #xfb
732616719890538498	2016-05-17 17:00:12	davidpiprof	Everything fixed, retested and functional. Also exported and committed for deployment, so I can finally go home and relax today. #p #xfb
732626667512975360	2016-05-17 17:39:43	davidpiprof	I am at home, family picked me up at train station. And showered the kids and I am going to eat something for dinner. #p #xfb
732637586552918017	2016-05-17 18:23:07	davidpiprof	Kids are watching the story tale and every preparations for tomorrow are done. So, I can download something for us. #p #xfb
732649903009193985	2016-05-17 19:12:03	davidpiprof	Watching stupid girls in the new episode of Darwin prices at @streamCZ and eating strawberries and finally relaxing. #p #xfb
732658091729248257	2016-05-17 19:44:35	davidpiprof	Watching How to get away with murder and meanwhile Filip cannot sleep so he visits us and telling us the story about skeletons #p #xfb
732670203914510337	2016-05-17 20:32:43	davidpiprof	Watching @TheSimpsons in Paris, magnificent episode I need to say. My wife already sleeps because she had rough day today. #p #xfb
732681322007793664	2016-05-17 21:16:54	davidpiprof	It seem that I cannot find #python #twitter API which either woks or has reasonable documentation. I need to try harder. #n #xfb
732691691270995968	2016-05-17 21:58:06	davidpiprof	Maybe #tweepy looks that it should work. Question is how difficult is to get all necessary data from it. I hope it is not. #p #xfb
732806962090520576	2016-05-18 05:36:09	davidpiprof	I can't kick myself from the bed. Listening voices from the kitchen where my wife and daughter speaking about kindergarten. #p #xfb
732817804588638208	2016-05-18 06:19:14	davidpiprof	I missed the train just before my nose. So, I need to wait for another one and take it by longer way to the work today. #n #xfb
732839819798274048	2016-05-18 07:46:43	davidpiprof	Sitting on the place and working. I returned to the task from yesterday. It's stressful topic since there is no solution yet. #n #xfb
732854951207153664	2016-05-18 08:46:50	davidpiprof	I just discussed with my sister the summer holidays. I am looking forward for summer. Have 3rd assignment finished and no stress. #p #xfb
732862376492556288	2016-05-18 09:16:21	davidpiprof	Looking for solution through adjustment of source of data so I can store it clean up and don't struggle with it in target. #n #xfb
732873897981444096	2016-05-18 10:02:08	davidpiprof	Eating pizza and enjoying the lunch I need to take a break on the terrace later on with something sweet to have energy for meetings #p #xfb
732885086102802432	2016-05-18 10:46:35	davidpiprof	Returned back to the computer. Trying new approaches before I will have 2 hours meeting marathon. #p #xfb
732908244637757440	2016-05-18 12:18:36	davidpiprof	Right now planning the next sprint of our project with my team leader. It is necessary to clean it up and proper. #n #xfb
732919576888020992	2016-05-18 13:03:38	davidpiprof	Discussion about company and it's current direction and what we expect from it. It's interesting discussion about interesting topic #p #xfb
732939609064284166	2016-05-18 14:23:14	davidpiprof	Sitting on the terrace and having good conversation with my team leader about common stuff from our lives and thoughts about career #p #xfb
732942797242806272	2016-05-18 14:35:54	davidpiprof	I have return back to the work. I helped to colleague to fix his problem which he was struggling with last hour. Second time today. #p #xfb
732952951216574464	2016-05-18 15:16:15	davidpiprof	Struggling with different encoding conversions and characters representation and I cannot figure it out how to deal with it. #n #xfb
732962207055630336	2016-05-18 15:53:02	davidpiprof	I am on my way home. I hope I was successful with the solution of the problem, but test on three object passed, so far so good! #p #xfb
732984110021521408	2016-05-18 17:20:04	davidpiprof	We had a really good dinner and then I tried to read for kids the German book about princess Maja and right now relaxing on balcony. #p #xfb
732988858661494789	2016-05-18 17:38:56	davidpiprof	We have found the bicycle in front our house for free so I took it to the basement for repair to be used by kids. #p #xfb
733000909941268480	2016-05-18 18:26:50	davidpiprof	We are back from round walk through the village and close neighborhood and I am waiting till kids take of the clothes to get shower #p #xfb
733009095826001920	2016-05-18 18:59:21	davidpiprof	I read the story tale #lichozrouti and it seems they like it a lot, they cannot stop. We can continue tomorrow for today it's enough #p #xfb
733022100777209860	2016-05-18 19:51:02	davidpiprof	Watching magnificent episode #jidlosro about #granmoravia at @streamCZ. Then #varimesmirou which is more and more terrible. #p #xfb
733032693907247106	2016-05-18 20:33:07	davidpiprof	Chatting with one of few best friend on @Skype about his paragliding course and making plans about alpine hiking trip. #p #xfb
733044161386033152	2016-05-18 21:18:42	davidpiprof	We are watching #Bones the latest episode and the scene where Hudgins melting down the victim is magnificent and we saw it twice #p #xfb
733055235787214848	2016-05-18 22:02:42	davidpiprof	I need to say that writing every day more than 20 times a day for every 45 minutes one tweet is hard work. So far I missed just few #n #xfb
733173644726263808	2016-05-19 05:53:13	davidpiprof	My girls waving me for good morning, but just shower helped me to fully wake up to the new rainy day. I thought is Friday, but not #n #xfb
733179256570798080	2016-05-19 06:15:31	davidpiprof	Somebody is smoking weed directly at the train station, no problem at all. I haven't running to catch the train today. #p #xfb
733192001320058880	2016-05-19 07:06:09	davidpiprof	Daily status is behind me. Yesterday solution works just for part of the cases. Trying to come with something else. #n #xfb
733203954172104704	2016-05-19 07:53:39	davidpiprof	Training Code of conduct is behind me. I don't know more boring training than this one, but what can I do when it is mandatory #n #xfb
733213918869528576	2016-05-19 08:33:15	davidpiprof	Replaying to many JIRA issues and discussing colleagues problems to support them and technically lead them. Typical daily routine #p #xfb
733224835887829000	2016-05-19 09:16:38	davidpiprof	Almost ready for the lunch. Seems to that I have to ask about advice from college about this problem with characters replacement. #p #xfb
733246946169761792	2016-05-19 10:44:29	davidpiprof	Sitting in cafeteria and having good conversation with colleagues and relax after really good lunch. #p #xfb
733247798741733376	2016-05-19 10:47:52	davidpiprof	@fitbit is there a possibility to improve water resistance of Charge HR by use plug into charge connector or is the button problem? #p #xfb
733259593854242817	2016-05-19 11:34:45	davidpiprof	Excited, it seems to like the solution works even for such cases where it doesn't before. And moreover I got Swiss driving license. #p #xfb
733270237215399936	2016-05-19 12:17:02	davidpiprof	Solution works except one record in small table and three big tables tests are running right now. I can continue with something else #p #xfb
733282464291028992	2016-05-19 13:05:37	davidpiprof	During tables load and I am little bit bored. Here is hashtags explanation p is pos, n is neg sentiment and xfb is eXperiment FitBit #n #xfb
733291622218272768	2016-05-19 13:42:01	davidpiprof	Table load crashed because not enough space in DB, so I cleaned it up and restarted. Right now I am sitting on weekly status meeting #n #xfb
733302828958126084	2016-05-19 14:26:33	davidpiprof	Meeting is going to the end, so I will check the load and maybe I will go home today as I have planned let's see what else comes. #p #xfb
733313890797420544	2016-05-19 15:10:30	davidpiprof	Waiting for the train and think about I have to finish fitness wristband market research to have an idea which one to buy next. #p #xfb
733326518743662593	2016-05-19 16:00:41	davidpiprof	Preparing potatoes for garlic soup. I wanted to listen music, but BT speaker from @Bose has problems with charging and doesn't work. #n #xfb
733339290801950721	2016-05-19 16:51:26	davidpiprof	Meanwhile the soup is boiling I have a time for snack before dinner. Yesterday Chilli con Carne with wholemeal toast is delicious. #p #xfb
733354168245706752	2016-05-19 17:50:33	davidpiprof	Watching #blacklist episode and it's full of many twists. Enemies are working together and plan is changing the plan #p #xfb
733361130681339906	2016-05-19 18:18:13	davidpiprof	Another episode How away with murder is better and better, I am really interested to which way the story develop. #p #xfb
733372935940014080	2016-05-19 19:05:07	davidpiprof	Eating sweet frosting together with raspberries and blueberries with my wife in bed during watching series and relax. #p #xfb
733383864924700672	2016-05-19 19:48:33	davidpiprof	Filip came to talk to us how he cannot sleep and he was sweet. He should sleep already because he had kindergarten today afternoon. #p #xfb
733394631120048128	2016-05-19 20:31:20	davidpiprof	Finished with watching I need to work on my assignments a bit. But today not over midnight, because I need to sleep sometimes. #p #xfb
733406237748912128	2016-05-19 21:17:27	davidpiprof	Preparing statistics for morning status and I have run the 9 hours taking job. When I am finished I will play with #fitbit API #p #xfb
733417305770582017	2016-05-19 22:01:26	davidpiprof	This is last tweet for today and I am going to sleep. Totally tired all set and done and I can continue tomorrow morning. #p #xfb
733533969648472065	2016-05-20 05:45:01	davidpiprof	Went sleep earlier than usual was good idea. I am feeling better, not fully rest yet, but better, fresh. And it's Friday! #p #xfb
733540927348711424	2016-05-20 06:12:40	davidpiprof	Today I am at the train station little bit earlier than usual. Maybe I am looking forward for Friday and following weekend. #p #xfb
733557205190873088	2016-05-20 07:17:21	davidpiprof	Eating breakfast the wholemeal buns with red oranges juice. It was time because I was starving during daily status meeting. #n #xfb
733570912721637376	2016-05-20 08:11:49	davidpiprof	Stressful situation around, many people wants many things simultaneously. And I am trying to respond on shity email from testers. #n #xfb
733577898032930816	2016-05-20 08:39:34	davidpiprof	Checking the emptiness of delta load and after I drunk juice I feel bad from stomach. Today is weird day, thank God is Friday. #n #xfb
733588723690967040	2016-05-20 09:22:35	davidpiprof	Watching internal company knowledge call about Python language introduction. I am interested what new I will learn. #p #xfb
733598764569628672	2016-05-20 10:02:29	davidpiprof	Eating good lunch with colleagues and discussing the painful issues which don't bother us, because we ignore them. #p #xfb
733618301545369601	2016-05-20 11:20:07	davidpiprof	After return from lunch and desert on terrace the release manager jumped on my back and forcing me to help him with delta load. #n #xfb
733621252749971456	2016-05-20 11:31:51	davidpiprof	Solving the issue with delta load which is working but loading nothing. The problem seems to be in the source database. #n #xfb
733632612045066240	2016-05-20 12:16:59	davidpiprof	Let's see if I have at least little bit time for myself own work today. And also got information about some processes from college. #p #xfb
733643969670873088	2016-05-20 13:02:07	davidpiprof	Got description of process from college as scatch on paper and going to property document it. Expecting leave work soon anyway. #p #xfb
733655427456569344	2016-05-20 13:47:39	davidpiprof	Just walking home that would be big surprise for my family to see me home such early. I need to eat some snack and go inline skating #p #xfb
733666418345017344	2016-05-20 14:31:19	davidpiprof	We are in the car and going to inline skate or bike to the lake. Family is excited I need to find the parking place. #p #xfb
733684743896739841	2016-05-20 15:44:08	davidpiprof	We are riding inline skates. Maya is holding me tight because she is trying it fifth time in her life, so she needs to learn. #p #xfb
733689414342303744	2016-05-20 16:02:42	davidpiprof	Waiting for the burger near the like. Filip decided that he wants to buy some food, because his belly is hungry. He has ice cream. #p #xfb
733701979051032578	2016-05-20 16:52:37	davidpiprof	Maya is trying really hard to learn skating on inline skates. And I am solving some minor work issues via SMS with my team leader. #p #xfb
733714786844872704	2016-05-20 17:43:31	davidpiprof	We have finished nine kilometers on inlines and Maya was magnificent because she mostly made it by her self and she must be tired. #p #xfb
733724119661961219	2016-05-20 18:20:36	davidpiprof	Shopping #pombars because kids were excellent. And some apricots, blueberries and cheese to the grill. It's just a small purchase. #p #xfb
733741746308403200	2016-05-20 19:30:39	davidpiprof	After we made dinner, kids are watching their story tale and we are watching shows at @streamCZ, eating dinner and relax in the bed. #p #xfb
733745716254871552	2016-05-20 19:46:25	davidpiprof	I am little bit tired after skating. I will go sleep early today and I am really glad that tomorrow is Saturday. #p #xfb
733757615822503937	2016-05-20 20:33:42	davidpiprof	#Arrow is again fighting against evil and trying to save innocent. But we are becoming tired maybe we won't finish actual episode #p #xfb
733768622682820608	2016-05-20 21:17:27	davidpiprof	Almost sleeping during read of newspapers. I need to find something for next 45 minutes what entertain me otherwise I fall asleep #n #xfb
733779960142401536	2016-05-20 22:02:30	davidpiprof	Simpsons for good night was good idea how to stay awake and entertain my self. It's just a pity I have one last episode. #p #xfb
733929315537190913	2016-05-21 07:55:59	davidpiprof	My wife asked me if I want porridge for breakfast and kids welcomed me to good morning with stormy call: Daddy! What a beautiful day #p #xfb
733939826592993280	2016-05-21 08:37:45	davidpiprof	After delicious breakfast we prepare for pick nick with grill in the forrest. Wife is preparing proviant and I organize car. #p #xfb
733950947194462208	2016-05-21 09:21:56	davidpiprof	Car is ready for trip to the forest. Kids eats vegetables as snack and watching #WALL-I. I can relax for the moment. #p #xfb
733961021329657856	2016-05-21 10:01:58	davidpiprof	Kids continue watching #Transilvania movie and I am searching for sandals which I need for summer. Everything is ready to go. #p #xfb
733972571230703616	2016-05-21 10:47:52	davidpiprof	Going to the car pack put there the stuff we are bringing with us. Kids are excited about swimming in the creek, but it will be cold #p #xfb
733990772597501952	2016-05-21 12:00:11	davidpiprof	After long ride with car we are standing in the middle of the river on the island and enjoying water, sun and nice nature around us. #p #xfb
733995897953124352	2016-05-21 12:20:33	davidpiprof	Sitting and relax in the middle of the river and enjoying it a lot. Eating blueberries and watermelon and we will grill and eat. #p #xfb
734014654293377025	2016-05-21 13:35:05	davidpiprof	Sun is shining, river is nicely noisy and kids are baking marshmallows on the grill after we grilled meet, so everything is perfect #p #xfb
734020289391169536	2016-05-21 13:57:29	davidpiprof	Uff, I am totally full with beef meet and I need to rest a while. The marshmallow smells good as caramelized sugar, tasty. #p #xfb
734035598919512065	2016-05-21 14:58:19	davidpiprof	We went to walk through the middle of the river down to the forest and through the forest to have a pleasant walk. #p #xfb
734043699420794881	2016-05-21 15:30:30	davidpiprof	Children build dam on river and are happy here. I am taking Filip into deep cold water to calm him down. #p #xfb
734053858310262784	2016-05-21 16:10:52	davidpiprof	I am throwing freesbee to the dog into the water, but he cannot swim anymore because weather is getting worse, so he is maybe cold. #n #xfb
734063907569078272	2016-05-21 16:50:48	davidpiprof	We went through the middle of the river to throw the garbage into the garbage disposal place and enjoyed the deep cold water. #p #xfb
734078037931773952	2016-05-21 17:46:57	davidpiprof	I think I have done my #GoalDay2016, let's see what @fitbit says after sync, but bracelet indicated 10 k steps already. #p #xfb
734092244978966528	2016-05-21 18:43:24	davidpiprof	Everything is cleaned up and organized back where it was, we can observe mountains in sundown and kids playing down on the grass. #p #xfb
734105021407764480	2016-05-21 19:34:10	davidpiprof	Garbage is in disposal place and we can finally relax with my wife in bed watching some movie or show. Let's find something. #p #xfb
734108494576689152	2016-05-21 19:47:58	davidpiprof	We are watching How to get away with murder and kids came they are thirsty so I gave them ice tea and they went to watch their movie #p #xfb
734123146127740928	2016-05-21 20:46:12	davidpiprof	My wife broke the olive oil bottle during making spaghetti aglio oglio we thrown it away because of possible pieces of glass in food #n #xfb
734130991791476737	2016-05-21 21:17:22	davidpiprof	Spaghetti eaten after it was made again. And we can get back to watch How to get away with murder which is heading to the serie end. #p #xfb
734148124688691201	2016-05-21 22:25:27	davidpiprof	Final tweet of the day. I just realized that publication topic about big data and HR is not such bad considering 86400 records a day #p #xfb
734286100383072258	2016-05-22 07:33:43	davidpiprof	Weekend morning wake-up is terrible because I would sleep as long as I can, usually kids wake us up and right now phone. #n #xfb
734291841118527488	2016-05-22 07:56:32	davidpiprof	Filip came to our bed to wake us up with really good mood and few pieces of Lego, just in case he cannot wake us up he will build. #p #xfb
734307652927410176	2016-05-22 08:59:21	davidpiprof	Porridge with blueberries and almond from my wife was delicious and on top of that banana and I am completely full. It's relax time. #p #xfb
734313283495337984	2016-05-22 09:21:44	davidpiprof	Relaxing after breakfast and wasching the disch and reading gentle and realistic blog @selner84 about take care about autistic kids. #p #xfb
734324662092587008	2016-05-22 10:06:57	davidpiprof	Laying on the couch and doing nothing compare to Friday when we were inline skating and yesterday when we spent whole day out. #n #xfb
734339518938152960	2016-05-22 11:05:59	davidpiprof	Kids are out and playing with another kids downstairs and I am sitting on the balcony and reading book about opinion mining. #p #xfb
734348407322595328	2016-05-22 11:41:18	davidpiprof	Kids came home totally wet from garden sprinklers we changed them and they are playing at home. I am going to prepare lunch. #n #xfb
734358847004004352	2016-05-22 12:22:47	davidpiprof	Potatoes cutted on the thin slices are boiling, let's wait circa ten minutes and I can make from them gratin potatoes in the owen #p #xfb
734369192665853952	2016-05-22 13:03:54	davidpiprof	My life is last twelve days split into 45 minutes slices, but what I shouldn't do for my PhD. Anyway lunch is almost ready. #p #xfb
734385496986689537	2016-05-22 14:08:41	davidpiprof	We had a lunch and ice cream and currently discussing with my wife the process of Maya's Saturday birthday party what to do and when #p #xfb
734398114799443968	2016-05-22 14:58:49	davidpiprof	We were sitting on the balcony and relax with mobile an tablet and I collected kids and we are going to forrest now. #p #xfb
734404962579582976	2016-05-22 15:26:02	davidpiprof	We are in the forest and having small trip around. Filip is captain slow and trying to mud himself anywhere. #p #xfb
734414685970288641	2016-05-22 16:04:40	davidpiprof	Kids are collecting bark of the tree in the forest and planning to make boat from it. Weather is changing from sunny to cloudy. #p #xfb
734425403545296896	2016-05-22 16:47:15	davidpiprof	We are on the way home. Kids are leading us they need to give us the direction on the crossroads to successfully arrive home. #p #xfb
734440099044335618	2016-05-22 17:45:39	davidpiprof	Kids have eaten enormous amount of tousts with strawberry marmalade for dinner, usually they eat maximum two, today each one four. #p #xfb
734449265746006016	2016-05-22 18:22:05	davidpiprof	Watching How to get away with murder in the bed. There is one more episode of Blacklist to watch. Looking forward to see it #p #xfb
734459445896486912	2016-05-22 19:02:32	davidpiprof	This end of the season is full of disclosure small hidden parts of stories which had been shown to us before but not complete. #n #xfb
734470881993498628	2016-05-22 19:47:58	davidpiprof	Unbelievable reveal in #blacklist, still full of tension and twists. I am looking forward for next episodes. #p #xfb
734483877339762688	2016-05-22 20:39:37	davidpiprof	Watching ultimate like a boss and instant karma instant justice compilations videos on @YouTube with my wife and we like it. #p #xfb
734493585765203968	2016-05-22 21:18:11	davidpiprof	I have found location of where we have been on Saturday afternoon in the middle of the creek and add it into @googlemaps  favorites #p #xfb
734504608031252482	2016-05-22 22:01:59	davidpiprof	Discussing with my wife the possibilities about plans for next year for trips on holiday and it seems to be complicated for now. #n #xfb
734617519781203968	2016-05-23 05:30:39	davidpiprof	Today morning is indeed tough, because we went sleep at 2 AM, but nicely compensated by talk with my wife during this time #p #xfb
734629586835755009	2016-05-23 06:18:36	davidpiprof	Train is late so I made it even though I cared about bycicles moved them from car to basement for my wife who did for me breakfast #p #xfb
734649312093822976	2016-05-23 07:36:59	davidpiprof	Eating breakfast from my wife, porridge with blueberries and fried almonds taste like home even I am at work and with lot to do #p #xfb
734655531588145153	2016-05-23 08:01:42	davidpiprof	I just got message from my friends that car mechanic has time today afternoon, so let's go to get diagnosed the car finally! #p #xfb
734665617299623936	2016-05-23 08:41:47	davidpiprof	Fixed the problem with delta load even though it loaded only four records instead of eight which is bad and I need to investigate #n #xfb
734673627791171584	2016-05-23 09:13:37	davidpiprof	Review meeting went good, my team leader present it well, we had been successful and even answer tricky question from product owner #p #xfb
734686018167820288	2016-05-23 10:02:51	davidpiprof	Sitting with colleagues in cafeteria and have relax after lunch and discussing fitness bands and precision in heart rate measure #p #xfb
734706486597849089	2016-05-23 11:24:11	davidpiprof	I am back to work, it's Sprint review day, so clean up the JIRA and assign the new tasks to team. It's boring, but has to be done. #n #xfb
734729755770114048	2016-05-23 12:56:39	davidpiprof	Terrible negotiation about the delta source led to nowhere and it was unproductive, so we need to start over and make it somehow. #n #xfb
734733046067367936	2016-05-23 13:09:43	davidpiprof	Back to my work and do something productive instead of have many meetings and discussions. At least I can finish something. #p #xfb
734735840916721664	2016-05-23 13:20:49	davidpiprof	Asked about rights to many schemas in Oracle server since I urgently need them I hope I get it soon so let's try to push it through #p #xfb
734742632866406401	2016-05-23 13:47:49	davidpiprof	Finally develop, I like it at least for moment of the day to get dirty with code and then I can get back again to technical leading #p #xfb
734753712346935296	2016-05-23 14:31:50	davidpiprof	I am back home and I need to pick up the car and take it to the diagnosis. Just need to grab something for eat, because I am hungry #p #xfb
734775846662180864	2016-05-23 15:59:47	davidpiprof	I have been in car service and it doesn't look so good, but we will see tomorrow when it will be ready for pick up. #n #xfb
734779274436222976	2016-05-23 16:13:25	davidpiprof	I am back at home and I had pleasant call with father in law about possibly to exchange whole engine for new one. Great. #n #xfb
734799635844337664	2016-05-23 17:34:19	davidpiprof	Two guys came with our new table, brought it up to our flat and help us to mount it. It was nice from them and kids enjoyed it. #p #xfb
734812681111281664	2016-05-23 18:26:09	davidpiprof	Kids were terrible, caused flood in the bathroom and have been punished prohibited animated story tale I have read them one instead #p #xfb
734821622868283393	2016-05-23 19:01:41	davidpiprof	We are watching now in the bed together with my wife the magnificent sixth season #GameofThrones and kids sleeps already #p #xfb
734838134609960961	2016-05-23 20:07:18	davidpiprof	Watching shows na @streamCZ and after famous sport moments remembered on #DOOM which was really fancy game in my college era. #p #xfb
734846419555786756	2016-05-23 20:40:13	davidpiprof	Back in the development and work on my PhD study. I need to follow up with my third assignment which is really complicated task #p #xfb
734856780723978241	2016-05-23 21:21:24	davidpiprof	Little bit pissed of about delta load testing plan. There is non and when I am asking about data there are only obstacles. #n #xfb
734868381644562432	2016-05-23 22:07:30	davidpiprof	Trying to read and prepare at least data for further hmm algorithms implement, so I need to struggle with inputs and Python. #n #xfb
734986204102397952	2016-05-24 05:55:41	davidpiprof	I have woke up with good mood expecting nice day. I am really interested about delta load testing discussion today and expect fight. #p #xfb
734990537195982848	2016-05-24 06:12:54	davidpiprof	I am at the train station little bit in advance which is good. And we had really good talk with Maya how she was baby girl. #p #xfb
735002833653800960	2016-05-24 07:01:45	davidpiprof	Huge arguing about delta load testing and deployment process, both things are in shit and we need to proceed forward. #n #xfb
735025321473376256	2016-05-24 08:31:07	davidpiprof	I am little bit behind schedule with everything. There is lot of stress about to test delta load and follow with other tasks. #n #xfb
735042910731816960	2016-05-24 09:41:01	davidpiprof	I have lot of fun with investigation about what was happened with delta load and who did what. It's nice and perfect situation. #n #xfb
735048216505397250	2016-05-24 10:02:06	davidpiprof	Finally I have a time for lunch. Delta load is running hope successfully and we can finish the investigation if it is working or not #p #xfb
735067710216933376	2016-05-24 11:19:33	davidpiprof	Load was successful. But few minutes ago I had terrible and useless discussion about different characters encoding. #n #xfb
735075281761865728	2016-05-24 11:49:38	davidpiprof	Situation is calming down and I am currently writing down two data quality issues which have to be reported to source system. #p #xfb
735082065834696704	2016-05-24 12:16:36	davidpiprof	Report to source system finished and I can get back to my original work for today and try to finish at least something reasonable #p #xfb
735093223937454080	2016-05-24 13:00:56	davidpiprof	I am creating special load for particular files which we cannot load though standard process and it's real hand work. #p #xfb
735105802399305728	2016-05-24 13:50:55	davidpiprof	Colleague brought me a solution about untranlatable character, so I am going to test it and if it works it is excellent solution. #p #xfb
735119731989090304	2016-05-24 14:46:16	davidpiprof	Friends pick me up and we are going to pick the car from diagnosis. I am really interested what would be the result. #p #xfb
735135561330139136	2016-05-24 15:49:10	davidpiprof	I am back at home, car is diagnosed, problems are with two cylinders and burning equally mix of gas and air. #n #xfb
735140747192717312	2016-05-24 16:09:47	davidpiprof	After discussion about car with my wife we are going to do @Skype call with my sister which is very expected by kids. #p #xfb
735159015819386880	2016-05-24 17:22:22	davidpiprof	Kids are done with shower and we can prepare something for dinner. They like toast with marmalade, deal. For me with cheese and ham. #p #xfb
735172660573962240	2016-05-24 18:16:35	davidpiprof	Pizza for dinner ordered, it was really good idea. I need to find just something what we will watch. Maybe there is some new episode #p #xfb
735184191860658177	2016-05-24 19:02:25	davidpiprof	Watching the @TheSimpsons season finale and enjoying it with Quattro formaggi pizza in bed with my wife. Nice end of the day. #p #xfb
735200682299514880	2016-05-24 20:07:56	davidpiprof	Searching for labels, posters and another stuff for Saturday birthday Frozen party and my wife is little bit cranky about it. #n #xfb
735208885993279489	2016-05-24 20:40:32	davidpiprof	Watching top 5 #xfactor talent auditions on @YouTube and Filip came to us and listening with us laying on my arms #p #xfb
735219882053238784	2016-05-24 21:24:14	davidpiprof	I am going to finish my day with watch some shows on @streamCZ. And then sleep to be ready for tomorrow fight in work #n #xfb
735233034199404546	2016-05-24 22:16:29	davidpiprof	Really good Roman Vanek in #jidlosro is presenting peanut corn puffs traditional Czech snack. Interesting episode with detail info #p #xfb
735343413332213762	2016-05-25 05:35:06	davidpiprof	Good morning, sun is shining and birds are singing. Even the sleep wasn't bad. So, let's hope today is not such stressful day. #p #xfb
735353317111562240	2016-05-25 06:14:27	davidpiprof	Waiting for the train which should be on time. Today I will buy some good breakfast, finish several things which are open long time #p #xfb
735375449916887041	2016-05-25 07:42:24	davidpiprof	Everything is going to be OK, we are returning to the originally planned work with no hype around. #p #xfb
735378661327687680	2016-05-25 07:55:10	davidpiprof	Replaying to the many email in my mailbox which I didn't have time to yet and return for a moment to the planned tasks. #p #xfb
735387769099431936	2016-05-25 08:31:21	davidpiprof	Investigating changes comming from delta changes which have been claimed as not propagated into target. I am interested why not. #n #xfb
735409485292929024	2016-05-25 09:57:39	davidpiprof	Sitting in restaurant and have lunch with colleagues. Pizza made my day even better than it was before so let's improve it more. #p #xfb
735423037500182528	2016-05-25 10:51:30	davidpiprof	Sitting on the terrace and enjoying discussion about approach how to prepare proper layers in datawarehouse. #p #xfb
735433369023041536	2016-05-25 11:32:33	davidpiprof	I have printed few pictures from Frozen movie for Maya Saturday birthday party. I hope she likes it when she sees it. #p #xfb
735454613277659136	2016-05-25 12:56:58	davidpiprof	I am not fully following my experiment today because I am running around and trying to solve all issues connected with load task. #n #xfb
735462489564008448	2016-05-25 13:28:16	davidpiprof	Starting to control situation about testing and finally fixing task one by one. It just a matter of time when I will reach the zen. #p #xfb
735467097887756288	2016-05-25 13:46:35	davidpiprof	Writing down the test protocol to see the details what happened there. I need to have it to argue if delta works properly or not #p #xfb
735478674842079232	2016-05-25 14:32:35	davidpiprof	Revealing mysteries about what is happening during the delta load on record level and see discrepancies which need to be explained #n #xfb
735504122137436160	2016-05-25 16:13:42	davidpiprof	I need to print some more things for my daughter and I can pack my self and finally go home. It's long day and we will go shopping #p #xfb
735513857679085568	2016-05-25 16:52:23	davidpiprof	I am on the way home and really happy that I can forget on work for moment and I can enjoy the rest of the day with family. #p #xfb
735524359046062084	2016-05-25 17:34:07	davidpiprof	We are in the shopping center with kids doing massive shopping for Maya's birthday to satisfy all the kids with yummy food. #p #xfb
735535436886593536	2016-05-25 18:18:08	davidpiprof	We are almost finished with shopping, kids are bored by it. But we are in the bonbons section so they can imagine what we want buy. #p #xfb
735548818490527744	2016-05-25 19:11:18	davidpiprof	Just for the fun and to win the five thousand points we did five payment rounds. It was little logistics nutcracker, but done. #p #xfb
735561996142292994	2016-05-25 20:03:40	davidpiprof	Kids are done and ready to sleep, we are going to read #lichozrouti, which is extraordinary book about small creatures eating socks #p #xfb
735581624155426816	2016-05-25 21:21:40	davidpiprof	Baked potatoes for dinner with garlic dip is really yummy. Together with watching #Bones about a capella groups mixtured with murder #p #xfb
735592059420151809	2016-05-25 22:03:08	davidpiprof	Watching #letapane at @streamCZ and remember on years which I lived. It's nice to have such overview about what was happening. #p #xfb
735713030936231936	2016-05-26 06:03:50	davidpiprof	Filip got Lego City cargo train to the bed when he was still sleeping so it was plenty of joy when he woke up and saw that #p #xfb
735715791631323138	2016-05-26 06:14:48	davidpiprof	It's really warm and sunny I am completely swet under coat. I need to take it off into the train. It's three minutes late. #n #xfb
735731853613637634	2016-05-26 07:18:37	davidpiprof	It interesting how man knows if he was successful or not. Listening x factor top 5. And meanwhile get done one task by other #p #xfb
735738791713898498	2016-05-26 07:46:11	davidpiprof	So far the work is calmed down and flowing slow. I am expecting silence before storm, but let's see if it happens or not, rather not #p #xfb
735752065641631744	2016-05-26 08:38:56	davidpiprof	Sitting on the Sprint planning meeting and coming through the backlog with colleagues and having discussion about the tasks. #n #xfb
735770023457742851	2016-05-26 09:50:18	davidpiprof	Having status about delta load issues with nice arguing and prioritize tasks which have to do immediately and which later. #p #xfb
735782316262490112	2016-05-26 10:39:09	davidpiprof	Sitting on the terrace with ice cream and discussing many designs topics which has to be done in next weeks. #p #xfb
735794443727605760	2016-05-26 11:27:20	davidpiprof	Back in the show and handling the issues which are coming mostly connected with delta load but some more as well. #p #xfb
735814277706158080	2016-05-26 12:46:09	davidpiprof	Brainstorming over what is happening during the delta load led to the result that it's not working correctly and need to be fixed #p #xfb
735818990455562241	2016-05-26 13:04:52	davidpiprof	Starting to have a headache from the all parallel tasks which I need to manage today and from the noisy environment around #n #xfb
735829420959797248	2016-05-26 13:46:19	davidpiprof	After really good discussion with colleagues I found solution about how to fix delta statuses wrongly recorded, so let's do it. #p #xfb
735847344978165760	2016-05-26 14:57:33	davidpiprof	It'd really difficult to keep on track with tweeting since came college who is unstoppable story teller, my head will explode soon #n #xfb
735855158148661248	2016-05-26 15:28:35	davidpiprof	Retesting the problem with untranlatable character and running eighteen tasks in parallel, but manually which I hate. #n #xfb
735866894847254528	2016-05-26 16:15:14	davidpiprof	I missed the train so I am going home with tram which is much longer. But I ran out from work which is good I will be back on Monday #p #xfb
735873963843301376	2016-05-26 16:43:19	davidpiprof	Sitting in the bus where is really hot so I get totally swet. Thanks God I am almost home so I can take a pill against headache #n #xfb
735896287120396288	2016-05-26 18:12:01	davidpiprof	Making the dinner on the grill, two beef steaks and two cheeses. Kids will like the meet and we will eat one stake together. #p #xfb
735918387457576961	2016-05-26 19:39:50	davidpiprof	Cutting the labels for Maya's birthday party. Kids are watching story tale and they are ready to go sleep. I will sing them the song #p #xfb
735931654468952064	2016-05-26 20:32:34	davidpiprof	Combining all three main sets of @LEGO_Group #city cargo and personal train with train station into big railway system #p #xfb
735943048601972736	2016-05-26 21:17:50	davidpiprof	@vanilkovamana played with @LEGO_Group #city trains when finished. She is like the kids which are sleeping already, she cannot wait #p #xfb
735956607239098370	2016-05-26 22:11:43	davidpiprof	After midnight shower I feel like a newborn. I got a new energy instead to go sleep I would do something #p #xfb
736074473221169153	2016-05-27 06:00:04	davidpiprof	We woke up Maya with singing Happy birthday to you and giving her first present which is suitable to swimming pool. #p #xfb
736078856151404546	2016-05-27 06:17:29	davidpiprof	Filip found railway system which I have built last night and he started to play with it. Kids are excited from trip to aquapark #p #xfb
736099238010966020	2016-05-27 07:38:29	davidpiprof	We are at aquapark and it's not possible to hold back the kids, because they want to go swimming. #p #xfb
736163868028882944	2016-05-27 11:55:18	davidpiprof	Swimming in the @Alpamare was magnificent. Kids enjoyed it a lot and we as well. Many attractions and except the heat it was good #p #xfb
736184451164692481	2016-05-27 13:17:05	davidpiprof	We are in the Starbucks to refresh ourselves. It's pretty hot weather so we need to drink some cool drinks. #p #xfb
736195083209482240	2016-05-27 13:59:20	davidpiprof	We are shopping the remaining stuff for tomorrow birthday party and some presents for friends kids who had birthday last Tuesday #p #xfb
736204598940172288	2016-05-27 14:37:09	davidpiprof	Shopping is done I am going to load stuff to the car and family is going to care about something else meanwhile. #p #xfb
736214786443227136	2016-05-27 15:17:37	davidpiprof	We are at home. Outside is really hot so we can rest a bit. Meanwhile I got a SMS from my team leader so something need to be fixed #n #xfb
736231065979850753	2016-05-27 16:22:19	davidpiprof	I warmed up entrecote with sauce for dinner with pasta. Excellent dinner from my wife cooked yesterday. And kids are eating silently #p #xfb
736237124010283009	2016-05-27 16:46:23	davidpiprof	I am relaxing after dinner with several good articles about data science from @DataScienceCtrl which I have stored before to @Pocket #p #xfb
736277985960067072	2016-05-27 19:28:45	davidpiprof	I disassembled three chairs from our former table which I will disassemble soon as well. We are preparing place for party. #p #xfb
736285823507812352	2016-05-27 19:59:54	davidpiprof	Former table is disassembled as well, so other thing which I can help with is packing the presents for Maya which I don't like #n #xfb
736300303532838912	2016-05-27 20:57:26	davidpiprof	Wrapping up the presents for tomorrow birthday party, it's not perfect, but with a love to my today 6 years old baby girl. #p #xfb
736305087602163712	2016-05-27 21:16:27	davidpiprof	I am still not ready with wrapping up. I am working on third present and I need to finish four more and I am already tired. #n #xfb
736320043018031104	2016-05-27 22:15:53	davidpiprof	Last tweet today. It was take a break day so no big deal that I haven't manage twenty and more tweets today. #p #xfb
736429154346930177	2016-05-28 05:29:27	davidpiprof	Meanwhile kids are still sleeping I am going to buy fresh fruits for today birthday party. It's early for Saturday but what the heck #n #xfb
736448986865905664	2016-05-28 06:48:15	davidpiprof	Shopping in Jumbo the hammer and hooks to put photos on the wall to made our flat nicer for Maya's birthday party. #p #xfb
736454677773029376	2016-05-28 07:10:52	davidpiprof	Table cover fish Elsa and Anna from Frozen found in toys are us so I can go back home. Everything what was needed is bought. #p #xfb
736469551643234305	2016-05-28 08:09:58	davidpiprof	Hooks for put the pictures to the wall are not ok. So I need to buy some other ones. Meanwhile I vax the apartment to help my wife. #n #xfb
736475098123755520	2016-05-28 08:32:01	davidpiprof	Cleaning up last few things and organizing stuff around. In few minutes we will go with kids to buy something for lunch. #p #xfb
736487295243681792	2016-05-28 09:20:29	davidpiprof	Clean up finished, Iva is finishing the cake and building her own snowman Olaf from Frozen movie, that's the theme of the day. #p #xfb
736514821965918208	2016-05-28 11:09:51	davidpiprof	The last preparations are coming. It's hurry to keep two PM when the guests coming to the birthday party. So last portion of stress #n #xfb
736537710920404992	2016-05-28 12:40:49	davidpiprof	Kids came and it's really chaos here. Especially when we need to prepare some more things like water melone. #n #xfb
736550868078727173	2016-05-28 13:33:06	davidpiprof	It's really terrible to manage fourteen small kids and make them interested in something, but we managed with dancing contest #n #xfb
736554453965414400	2016-05-28 13:47:21	davidpiprof	Maya is unwrapping the presents and whole group of kids is around her and push her theirs presents it's total chaos #n #xfb
736565506954690560	2016-05-28 14:31:16	davidpiprof	We are creating the animals from balloons it's lot of arguing about who comes first and with what color and what animal. #p #xfb
736587967809105920	2016-05-28 16:00:31	davidpiprof	Finally we are relaxing with friends all kids are gone and flat is full of popcorn and cake on the ground. #p #xfb
736615531525079040	2016-05-28 17:50:03	davidpiprof	Having good discussion with friends on the  balcony and enjoying it and relaxing with Czech beer. #p #xfb
736623237556281345	2016-05-28 18:20:40	davidpiprof	I picked up one more beer for friend. Czech beer for Czech friend. It's really nice to relax with friends and beer on balcony. #p #xfb
736633573298589696	2016-05-28 19:01:44	davidpiprof	Friends came home and we will little bit order disorder and wash kids and then we can relax in the bed with some movie. #p #xfb
736646122064732160	2016-05-28 19:51:36	davidpiprof	Everything is cleaned, ordered and in the place where we expect that. I am baking pizza for my wife who doesn't eat anything all day #p #xfb
736659022120652800	2016-05-28 20:42:51	davidpiprof	I was looking forward for water melone. I am totally full, but I cannot resist to my self at least try a bite first time in season #p #xfb
736676443510411264	2016-05-28 21:52:05	davidpiprof	Watching Mockingjay the last part and I am happy that such tough day is behind us and it's confined by my satisfied breathing wife #p #xfb
736678954115993603	2016-05-28 22:02:04	davidpiprof	It's becoming more and more thrilling and despite that I am getting more and more sleepy. Maybe I finish it tomorrow morning. #p #xfb
736824333633527808	2016-05-29 07:39:45	davidpiprof	Morning after Mayas birthday party is rough. Everybody is tired, Maya has light fiber. So we need to relax and have piece a bit #p #xfb
736828107194310656	2016-05-29 07:54:45	davidpiprof	Watching Penguins from the Madagascar and having slow morning. I would sleep little bit longer, because weather makes me sleepy #p #xfb
736840863054192640	2016-05-29 08:45:26	davidpiprof	Eating water melone for breakfast, one half is enough for whole family. What a wonderful Sunday. We need to enjoy it more. #p #xfb
736852723920949249	2016-05-29 09:32:34	davidpiprof	After the shower I am not sleepy anymore. What bothers me are burned shoulders from Friday in alpamare, but I have to endure it. #n #xfb
736868027384385536	2016-05-29 10:33:22	davidpiprof	We have visited the neighbor and brought him cake from yesterday party. He was pleased and we are happy to make him happy. #p #xfb
736872942324305920	2016-05-29 10:52:54	davidpiprof	Prepared pork filet and my wife went to cooke it with rice. Meanwhile I am reading some articles from @iDNEScz and waiting for lunch #p #xfb
736886798102761472	2016-05-29 11:47:58	davidpiprof	Lunch is eaten, kids are watching story tale and I enjoy relax with my wifes homemade three levels cake. What a pleasant afternoon #p #xfb
736915733544902656	2016-05-29 13:42:56	davidpiprof	It's raining so I am taking a nap and catch the all nights when I wasn't sleep enough. #p #xfb
736942431669747712	2016-05-29 15:29:02	davidpiprof	Sleeping whole afternoon, Maya as well. Woking up just when Filip make loud noises when he is playing on some plain or mechanization #n #xfb
736961885992550400	2016-05-29 16:46:20	davidpiprof	Watching again Mockingjay together with my wife and having toasts for dinner. It's terrible weather and sleepy time. #p #xfb
736973960634638341	2016-05-29 17:34:19	davidpiprof	We have visitors from neighborhood from flat under us. They are sweet and like my wifes cake and popcakes. #p #xfb
736988239140114432	2016-05-29 18:31:03	davidpiprof	We had a pleasant @Viber and @Skype call with bother in law who wished happy birthday to Maya. And we talked to them after long time #p #xfb
736995837193146369	2016-05-29 19:01:14	davidpiprof	Returned back to the Mockingjay. It's heading to the end and it was really slow prolongation of previous part. Nothing excellent #n #xfb
737014216192884736	2016-05-29 20:14:16	davidpiprof	We went to pick up Chinese food and we found abandoned bycicle which teased us to pick it up home, but without sign gratis #p #xfb
737019798379454464	2016-05-29 20:36:27	davidpiprof	Watching some TV shows on @streamCZ and after third episode of #zrouti we know that isn't for us anymore. #n #xfb
737030006891773953	2016-05-29 21:17:01	davidpiprof	Watching viral auditions about Britain's git talent on @YouTube. Sometimes really interesting people and sometimes some stupid #p #xfb
737041927326044160	2016-05-29 22:04:23	davidpiprof	This is the last tweet today. After twenty days I am little bit tired from tweeting, but I would need to stay one more month #n #xfb
